ID,Sequence,Structure,MFE
AAD17224,CAATGGAACTCCTGGGCCGAAGCGC,....((..(....)..))....... (,-3.20
CAA69922,TAGCAAGCTGAG,............ ( ,0.00
AAC34717,TCGAGAGAGTCTTGCTAAAGGCACATTCG,.((((.(.(((((....))))).).)))) (,-6.90
BAA90310,TCCCAGTTGCTGCCGGTCAACT,....(((((((...)).))))) (,-2.90
CAA86616,CAAAGCCAAGACAGGATTGTAGTTTGAC,.....((......))............. (,-0.70
AAA62427,AGATATCATATCGGCTTTGT,.((((...))))........ (,-0.30
AAY84779,GTTGAACGGTC,........... ( ,0.00
AEM37628,TATAGTATTTACTC,.............. ( ,0.00
AEM37634,TGTGATTGATTAAACTCGAATAACTACCG,.((..((((......))))...))..... (,-0.50
AEM37631,CTGCCGAGTCCT,............ ( ,0.00
AEM37622,AGTGTTAGTTCGCCGGAACACTACCTGA,.......((((....))))......... (,-3.80
AEM37625,CCCCAGAACATGAGTGG,..(((.........))) (,-0.40
CAR82567,GGGACCGCACTGGTCGCCCCTGGAC,((((((.....)))).))....... (,-7.30
ACR54280,GTTTGGCAGATTCTGGTCCTCTAAGACTAA,.............(((((......))))). (,-3.80
YP_009345899,AATTCCGATCGAA,............. ( ,0.00
YP_009345904,AATGATGCAGCGGTGAGACGGGCTCA,..(((.((..((......)).))))) (,-4.40
AEV92822,TCTCAATCTAAATCCT,................ ( ,0.00
ACF75865,ACCGCCAGGGCCACCACGGTCG,((((...((....)).)))).. (,-5.40
ACN88708,AGAGGTCTCGTTCCGATC,...((((.......)))) (,-0.90
ACN88720,AGTGTTGCGCTTGAGAATAGAAGACCTAG,.........(((........)))...... (,-0.30
ACU30844,CCCTATTTAGTAGTGCGTAGTCAAAGATGC,..............((((........)))) (,-1.20
ACU30845,GCTGGGTGCCCTTGTCGTCA,((.(((...))).))..... (,-1.00
ACN88710,TGGCACATAGTA,............ ( ,0.00
AEM05826,TACTAAAACTAT,............ ( ,0.00
AGO50636,ACTCGGCTCTTTAGT,............... ( ,0.00
YP_009047248,CTAACCAAGCGAAGAGGCGCTACAAA,.......((((......))))..... (,-4.30
ALQ33326,CGGCCTCTAATACGTGTGTATAT,.........((((....)))).. (,-1.00
CUI02224,ATAACATCTATGGGATTG,.................. ( ,0.00
SIP85307,TGACGGTAGAAGTCCTATTCCCG,...(((..(((......)))))) (,-2.50
SIP85310,CAGGAGACACGTACGACTCCATAC,..((((.(......).)))).... (,-4.60
NP_059946,AGAGAGTCGTCTTGG,.((((....)))).. (,-1.30
ACN88712,TATTGAGTTCATAGCACTTA,...(((((.......))))) (,-0.40
YP_006905857,TTACCTCCACACCTTGCAAGTGAAATTGC,...............((((......)))) (,-2.20
ACX85472,ATATGCAGTTTTGTTGACCCAAAG,........................ ( ,0.00
AJI44022,GTCAAGCTCCGGTCGATCGGAGCAGGTAA,.....((((((......))))))......,-11.20
ACX85474,TGTCCGAAAGTC,............ ( ,0.00
ACX85476,TGAGGTACATAGGGTCAAATTCACGGT,........................... ( ,0.00
ADV16842,ACCGAGACTTGGACCTGGGC,.((.((........)).)). (,-3.90
AGK45544,TGCCGGCACCCGCTC,....(((....))). (,-1.50
AII82241,AGGCATCTATCAGAGGTCTGGGAAGC,((((.(((...))).))))....... (,-3.70
ACR54272,GGCGATTACCAGCTAAGCTCTTTAACTT,(((........))).............. (,-2.50
AAO32083,AAGCCCCATTCAC,............. ( ,0.00
ADR65076,ATAGATTTTTTTGGTGCGGCCAC,...........((((...)))). (,-2.20
APQ41671,TGAGCATTCGAATGACCGGGACTA,.......(((......)))..... (,-0.50
AER30003,TGCAGAATCAGTGG,.............. ( ,0.00
BAS29618,CATTGTATTAAAGCAATGTAT,((((((......))))))... (,-4.40
AEP17838,AACTTAGGCCGCACGGTA,.......(((....))). (,-2.30
ADJ38391,TTACATTTTGCGGAGCCC,.................. ( ,0.00
ADP21511,CCCAACACGGCACAGGCTGG,.......((((....)))). (,-4.30
AER30009,CGGGCTTCGGCAGTTGGTT,(.((((.....)))).).. (,-1.50
YP_005271209,GAGGTCGCCGTCTGCTTAAAGTTAAGCC,((.(....).)).(((((....))))). (,-3.80
AMN16570,TTAGGGATCCCTCT,..(((....))).. (,-1.30
AED89606,TTGCCACCTGCGGTAAGCAA,(((((......))))).... (,-4.10
AJE25858,TATTTAGAAATATCG,............... ( ,0.00
BAS29606,CTGTCTATCGCATTATACATCAGATGC,.........(((((........))))) (,-3.20
AED89609,AGGTGACGACATCGAGTAGTTCTAAG,.((((....))))............. (,-1.90
AED89603,CGCTGTGATAGAGATCT,................. ( ,0.00
ADV16840,TACTTCCGTAACTCATTCTTTCTGCGGT,.....(((((............))))). (,-3.70
AKQ98299,AACGAACGGACCCTTGGGCCAGGTGACA,.......((.((....))))........ (,-3.10
ADV16838,CGGGTTGGATGCACCC,.((((.(....))))) (,-4.00
AKK25308,TAATAATCCACCG,............. ( ,0.00
AKK25320,GAATACTGGACACAGCATAAGA,.....(((....)))....... (,-2.20
AJF45224,GGATGCTGTCCTCTCATCCCAAAATCAGTT,(((((..(....).)))))........... (,-4.20
ADO67579,ATATACCTAGCCGCTTTGTTTAAGGTG,...((((((((......)))..))))) (,-3.10
ADO67581,TAGCCCACTTCTGGATCACA,....(((....)))...... (,-1.50
AED89612,TTGCGGATCGGGAAGTGGCCAACCCGACGA,...((..(((((..........))))))). (,-6.40
ACI62175,GGTGGGGCGAGAGTATCGC,......((((.....)))) (,-3.70
AER41414,ATGCCTATGCGAC,..((....))... (,-0.10
YP_006905854,ACAAAACGGTATCATGTCGA,.................... ( ,0.00
CAB95007,AAGCGGGTCGCTTT,(((((...))))). (,-3.00
BAA92849,CGCCAACGAGAC,............ ( ,0.00
BAB21617,CTGGGGCTACTGCATACAC,.....((....))...... (,-1.30
ACN82429,TAGTTCTAATGGTCAGAGGGAGA,....................... ( ,0.00
AAV37186,GCCGGTTGGTACCTCAA,...(((....))).... (,-2.20
AF260508_3,ACGCAGGTCTTTGGGTGGAATGGT,((.(((....))).))........ (,-2.20
AGT99976,TTCGCTAGCAATGGAACGT,................... ( ,0.00
AAC13556,ACAGGTACGCCAGAGC,...((....))..... (,-0.30
BAA90309,CGTTTGTGTGTAGCGCTAAATCAAT,.((((((((...)))).)))).... (,-2.10
ADO30544,ATACGTAAAAAAACGTGACGCCTTTCTT,.(((((......)))))........... (,-2.70
AEM37619,TCCTGGCCCTTGCA,.............. ( ,0.00
AEM37640,CACGCAATATAAGGGAAG,.................. ( ,0.00
ACR54274,CCGAAAGTTAA,........... ( ,0.00
AEM37616,AAAATGAGCCCACC,.............. ( ,0.00
